Test Name,NoRain F1-Score,NoRain Precision,NoRain Recall,YesRain F1-Score,YesRain Precision,YesRain Recall,Accuracy
2019-04-12 16:01:26.201717:lda,0.9054587612516544,0.8718459075782468,0.9417673423884604,0.5978412580254955,0.7151204852802048,0.5136096566609377,0.8469072393181315
